Workbook

Sheet How to use
B2: SEO Change Tracker
B3: Log a GSC baseline before an SEO change, then record results at 4 and 8 weeks. One row = one URL × one query.
B5: How to use
B6: 1. On the Tracker sheet, fill the next empty row. Yellow cells are inputs; white cells calculate automatically.
B7: 2. Give related rows the same Project name (e.g. every URL/query touched by one merge).
B8: 3. Baseline: in GSC → Performance, set a date range ending the day before the change, filter Page = exact URL + Query = exact query. Enter clicks, impressions and avg position.
B9: 4. Enter the window length (days) and use the SAME length for the 4-week and 8-week checks so the comparison is fair.
B10: 5. When 'Next check' comes up, pull the same filters for the post-change window and fill the 4-week (then 8-week) columns.
B11: 6. For a redirected URL, keep its row so the 'before' traffic is counted; set Role = Redirected (301). Add a row for the destination URL on the same query, even if its baseline is 0.
B12: 7. The Project Summary sheet rolls rows up by Project and (optionally) Query. That shows whether the change won overall, e.g. both URLs combined for one query.
B14: Settings (edit if needed)
B15: Win threshold (clicks change) | C15: 0.1 | D15: Latest clicks ≥ baseline × (1 + this) = Win
B16: Loss threshold (clicks change) | C16: -0.1 | D16: Latest clicks ≤ baseline × (1 + this) = Loss; between = Neutral
B17: GSC data lag (days) | C17: 3 | D17: Added to 'Next check' dates because GSC data arrives ~2–3 days late
B18: 4-week check (days after change) | C18: 28 | D18: When the first after-window ends
B19: 8-week check (days after change) | C19: 56 | D19: When the second after-window ends
B21: Legend
B22: Input: type here
B23: Formula: don't edit
B24: Win
B25: Loss
B26: Neutral
B27: Pending
B28: Redirected – see target
B30: Notes
B31: • Position change = baseline − latest. Positive means the page moved UP (better).
B32: • CTR change is in percentage points (pp).
B33: • 'Latest' means the 8-week values if filled in, otherwise the 4-week values.
B34: • Example rows: clicks and impressions for the two CMMS URLs were supplied by the user from GSC (date range not stated). Fill in the change date, window and baseline positions.

Sheet Tracker
A1: SEO Change Tracker: GSC baseline vs. results
A2: Yellow = input. One row per URL × query. Formulas are pre-filled down to row 305; add new rows by filling the next empty line.
A4: Page & query | H4: Baseline (before) | L4: After 4 weeks | P4: After 8 weeks | T4: Change: baseline → latest | X4: Status | AA4: Helpers (used by summary)
A5: Project | B5: Change type | C5: Change date | D5: URL | E5: Role | F5: Query | G5: Window (days) | H5: Clicks | I5: Impr. | J5: CTR | K5: Avg pos | L5: Clicks | M5: Impr. | N5: CTR | O5: Avg pos | P5: Clicks | Q5: Impr. | R5: CTR | S5: Avg pos | T5: Clicks Δ% | U5: Impr. Δ% | V5: CTR Δ (pp) | W5: Pos. Δ (↑ good) | X5: Result | Y5: Next check | Z5: Notes | AA5: Latest clicks | AB5: Latest impr.
A6: CMMS merge | B6: Merge + 301 | D6: https://upkeep.com/blog/cmms-comparison/ | E6: Redirected (301) | F6: cmms comparison | H6: 0 | I6: 1505 | J6: =IF(OR(H6="",I6="",I6=0),"",H6/I6) -> 0 | N6: =IF(OR(L6="",M6="",M6=0),"",L6/M6) | R6: =IF(OR(P6="",Q6="",Q6=0),"",P6/Q6) | T6: =IF(OR(AA6="",H6="",H6=0),"",AA6/H6-1) | U6: =IF(OR(AB6="",I6="",I6=0),"",AB6/I6-1) | V6: =IF(OR(J6="",IF(R6<>"",R6,N6)=""),"",(IF(R6<>"",R6,N6)-J6)*100) | W6: =IF(OR(K6="",IF(S6<>"",S6,O6)=""),"",K6-IF(S6<>"",S6,O6)) | X6: =IF(F6="","",IF(E6="Redirected (301)",IF(AA6="","Pending","Redirected – see target"),IF(OR(AA6="",H6=""),"Pending",IF(H6=0,IF(AA6>0,"Win","Neutral"),IF(AA6>=H6*(1+'How to use'!$C$15),"Win",IF(AA6<=H6*(1+'How to use'!$C$16),"Loss","Neutral")))))) -> Pending | Y6: =IF(OR(F6="",C6=""),"",IF(P6<>"","Done",IF(L6<>"",C6+'How to use'!$C$19+'How to use'!$C$17,C6+'How to use'!$C$18+'How to use'!$C$17))) | Z6: Redirect into best-cmms-software | AA6: =IF(P6<>"",P6,IF(L6<>"",L6,"")) | AB6: =IF(Q6<>"",Q6,IF(M6<>"",M6,""))
A7: CMMS merge | B7: Merge + 301 | D7: https://upkeep.com/blog/cmms-comparison/ | E7: Redirected (301) | F7: best cmms software | H7: 0 | I7: 806 | J7: =IF(OR(H7="",I7="",I7=0),"",H7/I7) -> 0 | N7: =IF(OR(L7="",M7="",M7=0),"",L7/M7) | R7: =IF(OR(P7="",Q7="",Q7=0),"",P7/Q7) | T7: =IF(OR(AA7="",H7="",H7=0),"",AA7/H7-1) | U7: =IF(OR(AB7="",I7="",I7=0),"",AB7/I7-1) | V7: =IF(OR(J7="",IF(R7<>"",R7,N7)=""),"",(IF(R7<>"",R7,N7)-J7)*100) | W7: =IF(OR(K7="",IF(S7<>"",S7,O7)=""),"",K7-IF(S7<>"",S7,O7)) | X7: =IF(F7="","",IF(E7="Redirected (301)",IF(AA7="","Pending","Redirected – see target"),IF(OR(AA7="",H7=""),"Pending",IF(H7=0,IF(AA7>0,"Win","Neutral"),IF(AA7>=H7*(1+'How to use'!$C$15),"Win",IF(AA7<=H7*(1+'How to use'!$C$16),"Loss","Neutral")))))) -> Pending | Y7: =IF(OR(F7="",C7=""),"",IF(P7<>"","Done",IF(L7<>"",C7+'How to use'!$C$19+'How to use'!$C$17,C7+'How to use'!$C$18+'How to use'!$C$17))) | Z7: Cannibalizing the target page's main query | AA7: =IF(P7<>"",P7,IF(L7<>"",L7,"")) | AB7: =IF(Q7<>"",Q7,IF(M7<>"",M7,""))
A8: CMMS merge | B8: Merge + 301 | D8: https://upkeep.com/blog/best-cmms-software/ | E8: Kept (target) | F8: cmms software | H8: 25 | I8: 8261 | J8: =IF(OR(H8="",I8="",I8=0),"",H8/I8) -> 0.003026268 | N8: =IF(OR(L8="",M8="",M8=0),"",L8/M8) | R8: =IF(OR(P8="",Q8="",Q8=0),"",P8/Q8) | T8: =IF(OR(AA8="",H8="",H8=0),"",AA8/H8-1) | U8: =IF(OR(AB8="",I8="",I8=0),"",AB8/I8-1) | V8: =IF(OR(J8="",IF(R8<>"",R8,N8)=""),"",(IF(R8<>"",R8,N8)-J8)*100) | W8: =IF(OR(K8="",IF(S8<>"",S8,O8)=""),"",K8-IF(S8<>"",S8,O8)) | X8: =IF(F8="","",IF(E8="Redirected (301)",IF(AA8="","Pending","Redirected – see target"),IF(OR(AA8="",H8=""),"Pending",IF(H8=0,IF(AA8>0,"Win","Neutral"),IF(AA8>=H8*(1+'How to use'!$C$15),"Win",IF(AA8<=H8*(1+'How to use'!$C$16),"Loss","Neutral")))))) -> Pending | Y8: =IF(OR(F8="",C8=""),"",IF(P8<>"","Done",IF(L8<>"",C8+'How to use'!$C$19+'How to use'!$C$17,C8+'How to use'!$C$18+'How to use'!$C$17))) | AA8: =IF(P8<>"",P8,IF(L8<>"",L8,"")) | AB8: =IF(Q8<>"",Q8,IF(M8<>"",M8,""))
A9: CMMS merge | B9: Merge + 301 | D9: https://upkeep.com/blog/best-cmms-software/ | E9: Kept (target) | F9: best cmms software | H9: 13 | I9: 2961 | J9: =IF(OR(H9="",I9="",I9=0),"",H9/I9) -> 0.0043904086 | N9: =IF(OR(L9="",M9="",M9=0),"",L9/M9) | R9: =IF(OR(P9="",Q9="",Q9=0),"",P9/Q9) | T9: =IF(OR(AA9="",H9="",H9=0),"",AA9/H9-1) | U9: =IF(OR(AB9="",I9="",I9=0),"",AB9/I9-1) | V9: =IF(OR(J9="",IF(R9<>"",R9,N9)=""),"",(IF(R9<>"",R9,N9)-J9)*100) | W9: =IF(OR(K9="",IF(S9<>"",S9,O9)=""),"",K9-IF(S9<>"",S9,O9)) | X9: =IF(F9="","",IF(E9="Redirected (301)",IF(AA9="","Pending","Redirected – see target"),IF(OR(AA9="",H9=""),"Pending",IF(H9=0,IF(AA9>0,"Win","Neutral"),IF(AA9>=H9*(1+'How to use'!$C$15),"Win",IF(AA9<=H9*(1+'How to use'!$C$16),"Loss","Neutral")))))) -> Pending | Y9: =IF(OR(F9="",C9=""),"",IF(P9<>"","Done",IF(L9<>"",C9+'How to use'!$C$19+'How to use'!$C$17,C9+'How to use'!$C$18+'How to use'!$C$17))) | AA9: =IF(P9<>"",P9,IF(L9<>"",L9,"")) | AB9: =IF(Q9<>"",Q9,IF(M9<>"",M9,""))
A10: CMMS merge | B10: Merge + 301 | D10: https://upkeep.com/blog/best-cmms-software/ | E10: Kept (target) | F10: cmms comparison | J10: =IF(OR(H10="",I10="",I10=0),"",H10/I10) | N10: =IF(OR(L10="",M10="",M10=0),"",L10/M10) | R10: =IF(OR(P10="",Q10="",Q10=0),"",P10/Q10) | T10: =IF(OR(AA10="",H10="",H10=0),"",AA10/H10-1) | U10: =IF(OR(AB10="",I10="",I10=0),"",AB10/I10-1) | V10: =IF(OR(J10="",IF(R10<>"",R10,N10)=""),"",(IF(R10<>"",R10,N10)-J10)*100) | W10: =IF(OR(K10="",IF(S10<>"",S10,O10)=""),"",K10-IF(S10<>"",S10,O10)) | X10: =IF(F10="","",IF(E10="Redirected (301)",IF(AA10="","Pending","Redirected – see target"),IF(OR(AA10="",H10=""),"Pending",IF(H10=0,IF(AA10>0,"Win","Neutral"),IF(AA10>=H10*(1+'How to use'!$C$15),"Win",IF(AA10<=H10*(1+'How to use'!$C$16),"Loss","Neutral")))))) -> Pending | Y10: =IF(OR(F10="",C10=""),"",IF(P10<>"","Done",IF(L10<>"",C10+'How to use'!$C$19+'How to use'!$C$17,C10+'How to use'!$C$18+'How to use'!$C$17))) | Z10: Target page should pick up this query after the merge; enter its GSC baseline (0 if not ranking) | AA10: =IF(P10<>"",P10,IF(L10<>"",L10,"")) | AB10: =IF(Q10<>"",Q10,IF(M10<>"",M10,""))
J11: =IF(OR(H11="",I11="",I11=0),"",H11/I11) | N11: =IF(OR(L11="",M11="",M11=0),"",L11/M11) | R11: =IF(OR(P11="",Q11="",Q11=0),"",P11/Q11) | T11: =IF(OR(AA11="",H11="",H11=0),"",AA11/H11-1) | U11: =IF(OR(AB11="",I11="",I11=0),"",AB11/I11-1) | V11: =IF(OR(J11="",IF(R11<>"",R11,N11)=""),"",(IF(R11<>"",R11,N11)-J11)*100) | W11: =IF(OR(K11="",IF(S11<>"",S11,O11)=""),"",K11-IF(S11<>"",S11,O11)) | X11: =IF(F11="","",IF(E11="Redirected (301)",IF(AA11="","Pending","Redirected – see target"),IF(OR(AA11="",H11=""),"Pending",IF(H11=0,IF(AA11>0,"Win","Neutral"),IF(AA11>=H11*(1+'How to use'!$C$15),"Win",IF(AA11<=H11*(1+'How to use'!$C$16),"Loss","Neutral")))))) | Y11: =IF(OR(F11="",C11=""),"",IF(P11<>"","Done",IF(L11<>"",C11+'How to use'!$C$19+'How to use'!$C$17,C11+'How to use'!$C$18+'How to use'!$C$17))) | AA11: =IF(P11<>"",P11,IF(L11<>"",L11,"")) | AB11: =IF(Q11<>"",Q11,IF(M11<>"",M11,""))
J12: =IF(OR(H12="",I12="",I12=0),"",H12/I12) | N12: =IF(OR(L12="",M12="",M12=0),"",L12/M12) | R12: =IF(OR(P12="",Q12="",Q12=0),"",P12/Q12) | T12: =IF(OR(AA12="",H12="",H12=0),"",AA12/H12-1) | U12: =IF(OR(AB12="",I12="",I12=0),"",AB12/I12-1) | V12: =IF(OR(J12="",IF(R12<>"",R12,N12)=""),"",(IF(R12<>"",R12,N12)-J12)*100) | W12: =IF(OR(K12="",IF(S12<>"",S12,O12)=""),"",K12-IF(S12<>"",S12,O12)) | X12: =IF(F12="","",IF(E12="Redirected (301)",IF(AA12="","Pending","Redirected – see target"),IF(OR(AA12="",H12=""),"Pending",IF(H12=0,IF(AA12>0,"Win","Neutral"),IF(AA12>=H12*(1+'How to use'!$C$15),"Win",IF(AA12<=H12*(1+'How to use'!$C$16),"Loss","Neutral")))))) | Y12: =IF(OR(F12="",C12=""),"",IF(P12<>"","Done",IF(L12<>"",C12+'How to use'!$C$19+'How to use'!$C$17,C12+'How to use'!$C$18+'How to use'!$C$17))) | AA12: =IF(P12<>"",P12,IF(L12<>"",L12,"")) | AB12: =IF(Q12<>"",Q12,IF(M12<>"",M12,""))
J13: =IF(OR(H13="",I13="",I13=0),"",H13/I13) | N13: =IF(OR(L13="",M13="",M13=0),"",L13/M13) | R13: =IF(OR(P13="",Q13="",Q13=0),"",P13/Q13) | T13: =IF(OR(AA13="",H13="",H13=0),"",AA13/H13-1) | U13: =IF(OR(AB13="",I13="",I13=0),"",AB13/I13-1) | V13: =IF(OR(J13="",IF(R13<>"",R13,N13)=""),"",(IF(R13<>"",R13,N13)-J13)*100) | W13: =IF(OR(K13="",IF(S13<>"",S13,O13)=""),"",K13-IF(S13<>"",S13,O13)) | X13: =IF(F13="","",IF(E13="Redirected (301)",IF(AA13="","Pending","Redirected – see target"),IF(OR(AA13="",H13=""),"Pending",IF(H13=0,IF(AA13>0,"Win","Neutral"),IF(AA13>=H13*(1+'How to use'!$C$15),"Win",IF(AA13<=H13*(1+'How to use'!$C$16),"Loss","Neutral")))))) | Y13: =IF(OR(F13="",C13=""),"",IF(P13<>"","Done",IF(L13<>"",C13+'How to use'!$C$19+'How to use'!$C$17,C13+'How to use'!$C$18+'How to use'!$C$17))) | AA13: =IF(P13<>"",P13,IF(L13<>"",L13,"")) | AB13: =IF(Q13<>"",Q13,IF(M13<>"",M13,""))
J14: =IF(OR(H14="",I14="",I14=0),"",H14/I14) | N14: =IF(OR(L14="",M14="",M14=0),"",L14/M14) | R14: =IF(OR(P14="",Q14="",Q14=0),"",P14/Q14) | T14: =IF(OR(AA14="",H14="",H14=0),"",AA14/H14-1) | U14: =IF(OR(AB14="",I14="",I14=0),"",AB14/I14-1) | V14: =IF(OR(J14="",IF(R14<>"",R14,N14)=""),"",(IF(R14<>"",R14,N14)-J14)*100) | W14: =IF(OR(K14="",IF(S14<>"",S14,O14)=""),"",K14-IF(S14<>"",S14,O14)) | X14: =IF(F14="","",IF(E14="Redirected (301)",IF(AA14="","Pending","Redirected – see target"),IF(OR(AA14="",H14=""),"Pending",IF(H14=0,IF(AA14>0,"Win","Neutral"),IF(AA14>=H14*(1+'How to use'!$C$15),"Win",IF(AA14<=H14*(1+'How to use'!$C$16),"Loss","Neutral")))))) | Y14: =IF(OR(F14="",C14=""),"",IF(P14<>"","Done",IF(L14<>"",C14+'How to use'!$C$19+'How to use'!$C$17,C14+'How to use'!$C$18+'How to use'!$C$17))) | AA14: =IF(P14<>"",P14,IF(L14<>"",L14,"")) | AB14: =IF(Q14<>"",Q14,IF(M14<>"",M14,""))
J15: =IF(OR(H15="",I15="",I15=0),"",H15/I15) | N15: =IF(OR(L15="",M15="",M15=0),"",L15/M15) | R15: =IF(OR(P15="",Q15="",Q15=0),"",P15/Q15) | T15: =IF(OR(AA15="",H15="",H15=0),"",AA15/H15-1) | U15: =IF(OR(AB15="",I15="",I15=0),"",AB15/I15-1) | V15: =IF(OR(J15="",IF(R15<>"",R15,N15)=""),"",(IF(R15<>"",R15,N15)-J15)*100) | W15: =IF(OR(K15="",IF(S15<>"",S15,O15)=""),"",K15-IF(S15<>"",S15,O15)) | X15: =IF(F15="","",IF(E15="Redirected (301)",IF(AA15="","Pending","Redirected – see target"),IF(OR(AA15="",H15=""),"Pending",IF(H15=0,IF(AA15>0,"Win","Neutral"),IF(AA15>=H15*(1+'How to use'!$C$15),"Win",IF(AA15<=H15*(1+'How to use'!$C$16),"Loss","Neutral")))))) | Y15: =IF(OR(F15="",C15=""),"",IF(P15<>"","Done",IF(L15<>"",C15+'How to use'!$C$19+'How to use'!$C$17,C15+'How to use'!$C$18+'How to use'!$C$17))) | AA15: =IF(P15<>"",P15,IF(L15<>"",L15,"")) | AB15: =IF(Q15<>"",Q15,IF(M15<>"",M15,""))
J16: =IF(OR(H16="",I16="",I16=0),"",H16/I16) | N16: =IF(OR(L16="",M16="",M16=0),"",L16/M16) | R16: =IF(OR(P16="",Q16="",Q16=0),"",P16/Q16) | T16: =IF(OR(AA16="",H16="",H16=0),"",AA16/H16-1) | U16: =IF(OR(AB16="",I16="",I16=0),"",AB16/I16-1) | V16: =IF(OR(J16="",IF(R16<>"",R16,N16)=""),"",(IF(R16<>"",R16,N16)-J16)*100) | W16: =IF(OR(K16="",IF(S16<>"",S16,O16)=""),"",K16-IF(S16<>"",S16,O16)) | X16: =IF(F16="","",IF(E16="Redirected (301)",IF(AA16="","Pending","Redirected – see target"),IF(OR(AA16="",H16=""),"Pending",IF(H16=0,IF(AA16>0,"Win","Neutral"),IF(AA16>=H16*(1+'How to use'!$C$15),"Win",IF(AA16<=H16*(1+'How to use'!$C$16),"Loss","Neutral")))))) | Y16: =IF(OR(F16="",C16=""),"",IF(P16<>"","Done",IF(L16<>"",C16+'How to use'!$C$19+'How to use'!$C$17,C16+'How to use'!$C$18+'How to use'!$C$17))) | AA16: =IF(P16<>"",P16,IF(L16<>"",L16,"")) | AB16: =IF(Q16<>"",Q16,IF(M16<>"",M16,""))
J17: =IF(OR(H17="",I17="",I17=0),"",H17/I17) | N17: =IF(OR(L17="",M17="",M17=0),"",L17/M17) | R17: =IF(OR(P17="",Q17="",Q17=0),"",P17/Q17) | T17: =IF(OR(AA17="",H17="",H17=0),"",AA17/H17-1) | U17: =IF(OR(AB17="",I17="",I17=0),"",AB17/I17-1) | V17: =IF(OR(J17="",IF(R17<>"",R17,N17)=""),"",(IF(R17<>"",R17,N17)-J17)*100) | W17: =IF(OR(K17="",IF(S17<>"",S17,O17)=""),"",K17-IF(S17<>"",S17,O17)) | X17: =IF(F17="","",IF(E17="Redirected (301)",IF(AA17="","Pending","Redirected – see target"),IF(OR(AA17="",H17=""),"Pending",IF(H17=0,IF(AA17>0,"Win","Neutral"),IF(AA17>=H17*(1+'How to use'!$C$15),"Win",IF(AA17<=H17*(1+'How to use'!$C$16),"Loss","Neutral")))))) | Y17: =IF(OR(F17="",C17=""),"",IF(P17<>"","Done",IF(L17<>"",C17+'How to use'!$C$19+'How to use'!$C$17,C17+'How to use'!$C$18+'How to use'!$C$17))) | AA17: =IF(P17<>"",P17,IF(L17<>"",L17,"")) | AB17: =IF(Q17<>"",Q17,IF(M17<>"",M17,""))
J18: =IF(OR(H18="",I18="",I18=0),"",H18/I18) | N18: =IF(OR(L18="",M18="",M18=0),"",L18/M18) | R18: =IF(OR(P18="",Q18="",Q18=0),"",P18/Q18) | T18: =IF(OR(AA18="",H18="",H18=0),"",AA18/H18-1) | U18: =IF(OR(AB18="",I18="",I18=0),"",AB18/I18-1) | V18: =IF(OR(J18="",IF(R18<>"",R18,N18)=""),"",(IF(R18<>"",R18,N18)-J18)*100) | W18: =IF(OR(K18="",IF(S18<>"",S18,O18)=""),"",K18-IF(S18<>"",S18,O18)) | X18: =IF(F18="","",IF(E18="Redirected (301)",IF(AA18="","Pending","Redirected – see target"),IF(OR(AA18="",H18=""),"Pending",IF(H18=0,IF(AA18>0,"Win","Neutral"),IF(AA18>=H18*(1+'How to use'!$C$15),"Win",IF(AA18<=H18*(1+'How to use'!$C$16),"Loss","Neutral")))))) | Y18: =IF(OR(F18="",C18=""),"",IF(P18<>"","Done",IF(L18<>"",C18+'How to use'!$C$19+'How to use'!$C$17,C18+'How to use'!$C$18+'How to use'!$C$17))) | AA18: =IF(P18<>"",P18,IF(L18<>"",L18,"")) | AB18: =IF(Q18<>"",Q18,IF(M18<>"",M18,""))
J19: =IF(OR(H19="",I19="",I19=0),"",H19/I19) | N19: =IF(OR(L19="",M19="",M19=0),"",L19/M19) | R19: =IF(OR(P19="",Q19="",Q19=0),"",P19/Q19) | T19: =IF(OR(AA19="",H19="",H19=0),"",AA19/H19-1) | U19: =IF(OR(AB19="",I19="",I19=0),"",AB19/I19-1) | V19: =IF(OR(J19="",IF(R19<>"",R19,N19)=""),"",(IF(R19<>"",R19,N19)-J19)*100) | W19: =IF(OR(K19="",IF(S19<>"",S19,O19)=""),"",K19-IF(S19<>"",S19,O19)) | X19: =IF(F19="","",IF(E19="Redirected (301)",IF(AA19="","Pending","Redirected – see target"),IF(OR(AA19="",H19=""),"Pending",IF(H19=0,IF(AA19>0,"Win","Neutral"),IF(AA19>=H19*(1+'How to use'!$C$15),"Win",IF(AA19<=H19*(1+'How to use'!$C$16),"Loss","Neutral")))))) | Y19: =IF(OR(F19="",C19=""),"",IF(P19<>"","Done",IF(L19<>"",C19+'How to use'!$C$19+'How to use'!$C$17,C19+'How to use'!$C$18+'How to use'!$C$17))) | AA19: =IF(P19<>"",P19,IF(L19<>"",L19,"")) | AB19: =IF(Q19<>"",Q19,IF(M19<>"",M19,""))
J20: =IF(OR(H20="",I20="",I20=0),"",H20/I20) | N20: =IF(OR(L20="",M20="",M20=0),"",L20/M20) | R20: =IF(OR(P20="",Q20="",Q20=0),"",P20/Q20) | T20: =IF(OR(AA20="",H20="",H20=0),"",AA20/H20-1) | U20: =IF(OR(AB20="",I20="",I20=0),"",AB20/I20-1) | V20: =IF(OR(J20="",IF(R20<>"",R20,N20)=""),"",(IF(R20<>"",R20,N20)-J20)*100) | W20: =IF(OR(K20="",IF(S20<>"",S20,O20)=""),"",K20-IF(S20<>"",S20,O20)) | X20: =IF(F20="","",IF(E20="Redirected (301)",IF(AA20="","Pending","Redirected – see target"),IF(OR(AA20="",H20=""),"Pending",IF(H20=0,IF(AA20>0,"Win","Neutral"),IF(AA20>=H20*(1+'How to use'!$C$15),"Win",IF(AA20<=H20*(1+'How to use'!$C$16),"Loss","Neutral")))))) | Y20: =IF(OR(F20="",C20=""),"",IF(P20<>"","Done",IF(L20<>"",C20+'How to use'!$C$19+'How to use'!$C$17,C20+'How to use'!$C$18+'How to use'!$C$17))) | AA20: =IF(P20<>"",P20,IF(L20<>"",L20,"")) | AB20: =IF(Q20<>"",Q20,IF(M20<>"",M20,""))
J21: =IF(OR(H21="",I21="",I21=0),"",H21/I21) | N21: =IF(OR(L21="",M21="",M21=0),"",L21/M21) | R21: =IF(OR(P21="",Q21="",Q21=0),"",P21/Q21) | T21: =IF(OR(AA21="",H21="",H21=0),"",AA21/H21-1) | U21: =IF(OR(AB21="",I21="",I21=0),"",AB21/I21-1) | V21: =IF(OR(J21="",IF(R21<>"",R21,N21)=""),"",(IF(R21<>"",R21,N21)-J21)*100) | W21: =IF(OR(K21="",IF(S21<>"",S21,O21)=""),"",K21-IF(S21<>"",S21,O21)) | X21: =IF(F21="","",IF(E21="Redirected (301)",IF(AA21="","Pending","Redirected – see target"),IF(OR(AA21="",H21=""),"Pending",IF(H21=0,IF(AA21>0,"Win","Neutral"),IF(AA21>=H21*(1+'How to use'!$C$15),"Win",IF(AA21<=H21*(1+'How to use'!$C$16),"Loss","Neutral")))))) | Y21: =IF(OR(F21="",C21=""),"",IF(P21<>"","Done",IF(L21<>"",C21+'How to use'!$C$19+'How to use'!$C$17,C21+'How to use'!$C$18+'How to use'!$C$17))) | AA21: =IF(P21<>"",P21,IF(L21<>"",L21,"")) | AB21: =IF(Q21<>"",Q21,IF(M21<>"",M21,""))
J22: =IF(OR(H22="",I22="",I22=0),"",H22/I22) | N22: =IF(OR(L22="",M22="",M22=0),"",L22/M22) | R22: =IF(OR(P22="",Q22="",Q22=0),"",P22/Q22) | T22: =IF(OR(AA22="",H22="",H22=0),"",AA22/H22-1) | U22: =IF(OR(AB22="",I22="",I22=0),"",AB22/I22-1) | V22: =IF(OR(J22="",IF(R22<>"",R22,N22)=""),"",(IF(R22<>"",R22,N22)-J22)*100) | W22: =IF(OR(K22="",IF(S22<>"",S22,O22)=""),"",K22-IF(S22<>"",S22,O22)) | X22: =IF(F22="","",IF(E22="Redirected (301)",IF(AA22="","Pending","Redirected – see target"),IF(OR(AA22="",H22=""),"Pending",IF(H22=0,IF(AA22>0,"Win","Neutral"),IF(AA22>=H22*(1+'How to use'!$C$15),"Win",IF(AA22<=H22*(1+'How to use'!$C$16),"Loss","Neutral")))))) | Y22: =IF(OR(F22="",C22=""),"",IF(P22<>"","Done",IF(L22<>"",C22+'How to use'!$C$19+'How to use'!$C$17,C22+'How to use'!$C$18+'How to use'!$C$17))) | AA22: =IF(P22<>"",P22,IF(L22<>"",L22,"")) | AB22: =IF(Q22<>"",Q22,IF(M22<>"",M22,""))
... J305: =IF(OR(H305="",I305="",I305=0),"",H305/I305) | N305: =IF(OR(L305="",M305="",M305=0),"",L305/M305) | R305: =IF(OR(P305="",Q305="",Q305=0),"",P305/Q305) | T305: =IF(OR(AA305="",H305="",H305=0),"",AA305/H305-1) | U305: =IF(OR(AB305="",I305="",I305=0),"",AB305/I305-1) | V305: =IF(OR(J305="",IF(R305<>"",R305,N305)=""),"",(IF(R305<>"",R305,N305)-J305)*100) | W305: =IF(OR(K305="",IF(S305<>"",S305,O305)=""),"",K305-IF(S305<>"",S305,O305)) | X305: =IF(F305="","",IF(E305="Redirected (301)",IF(AA305="","Pending","Redirected – see target"),IF(OR(AA305="",H305=""),"Pending",IF(H305=0,IF(AA305>0,"Win","Neutral"),IF(AA305>=H305*(1+'How to use'!$C$15),"Win",IF(AA305<=H305*(1+'How to use'!$C$16),"Loss","Neutral")))))) | Y305: =IF(OR(F305="",C305=""),"",IF(P305<>"","Done",IF(L305<>"",C305+'How to use'!$C$19+'How to use'!$C$17,C305+'How to use'!$C$18+'How to use'!$C$17))) | AA305: =IF(P305<>"",P305,IF(L305<>"",L305,"")) | AB305: =IF(Q305<>"",Q305,IF(M305<>"",M305,""))

Sheet Project Summary
A1: Project Summary
A2: Type a Project (and optionally a Query) in the yellow cells. Blank Query = all queries in that project. Totals include redirected URLs so before/after is like-for-like.
A4: Project | B4: Query (blank = all) | C4: Rows | D4: Baseline clicks | E4: Baseline impr. | F4: Latest clicks | G4: Latest impr. | H4: Clicks Δ% | I4: Impr. Δ% | J4: Rows with results | K4: Result | L4: Note
A5: CMMS merge | C5: =IF(A5="","",COUNTIFS(Tracker!$A$6:$A$305,A5,Tracker!$F$6:$F$305,IF(B5="","*",B5))) -> 5 | D5: =IF(A5="","",SUMIFS(Tracker!$H$6:$H$305,Tracker!$A$6:$A$305,A5,Tracker!$F$6:$F$305,IF(B5="","*",B5))) -> 38 | E5: =IF(A5="","",SUMIFS(Tracker!$I$6:$I$305,Tracker!$A$6:$A$305,A5,Tracker!$F$6:$F$305,IF(B5="","*",B5))) -> 13533 | F5: =IF(OR(A5="",J5=0),"",SUMIFS(Tracker!$AA$6:$AA$305,Tracker!$A$6:$A$305,A5,Tracker!$F$6:$F$305,IF(B5="","*",B5))) -> 0 | G5: =IF(OR(A5="",J5=0),"",SUMIFS(Tracker!$AB$6:$AB$305,Tracker!$A$6:$A$305,A5,Tracker!$F$6:$F$305,IF(B5="","*",B5))) -> 0 | H5: =IF(OR(F5="",D5="",D5=0),"",F5/D5-1) -> -1 | I5: =IF(OR(G5="",E5="",E5=0),"",G5/E5-1) -> -1 | J5: =IF(A5="","",COUNTIFS(Tracker!$A$6:$A$305,A5,Tracker!$F$6:$F$305,IF(B5="","*",B5),Tracker!$AA$6:$AA$305,"<>")) -> 5 | K5: =IF(A5="","",IF(OR(J5=0,J5<C5),"Pending",IF(D5=0,IF(F5>0,"Win","Neutral"),IF(F5>=D5*(1+'How to use'!$C$15),"Win",IF(F5<=D5*(1+'How to use'!$C$16),"Loss","Neutral"))))) -> Loss | L5: Result shows Pending until every row in the group has 4- or 8-week data (counts blank 'Latest' cells, e.g. a redirected URL with 0 clicks should be entered as 0).
A6: CMMS merge | B6: best cmms software | C6: =IF(A6="","",COUNTIFS(Tracker!$A$6:$A$305,A6,Tracker!$F$6:$F$305,IF(B6="","*",B6))) -> 2 | D6: =IF(A6="","",SUMIFS(Tracker!$H$6:$H$305,Tracker!$A$6:$A$305,A6,Tracker!$F$6:$F$305,IF(B6="","*",B6))) -> 13 | E6: =IF(A6="","",SUMIFS(Tracker!$I$6:$I$305,Tracker!$A$6:$A$305,A6,Tracker!$F$6:$F$305,IF(B6="","*",B6))) -> 3767 | F6: =IF(OR(A6="",J6=0),"",SUMIFS(Tracker!$AA$6:$AA$305,Tracker!$A$6:$A$305,A6,Tracker!$F$6:$F$305,IF(B6="","*",B6))) -> 0 | G6: =IF(OR(A6="",J6=0),"",SUMIFS(Tracker!$AB$6:$AB$305,Tracker!$A$6:$A$305,A6,Tracker!$F$6:$F$305,IF(B6="","*",B6))) -> 0 | H6: =IF(OR(F6="",D6="",D6=0),"",F6/D6-1) -> -1 | I6: =IF(OR(G6="",E6="",E6=0),"",G6/E6-1) -> -1 | J6: =IF(A6="","",COUNTIFS(Tracker!$A$6:$A$305,A6,Tracker!$F$6:$F$305,IF(B6="","*",B6),Tracker!$AA$6:$AA$305,"<>")) -> 2 | K6: =IF(A6="","",IF(OR(J6=0,J6<C6),"Pending",IF(D6=0,IF(F6>0,"Win","Neutral"),IF(F6>=D6*(1+'How to use'!$C$15),"Win",IF(F6<=D6*(1+'How to use'!$C$16),"Loss","Neutral"))))) -> Loss
A7: CMMS merge | B7: cmms comparison | C7: =IF(A7="","",COUNTIFS(Tracker!$A$6:$A$305,A7,Tracker!$F$6:$F$305,IF(B7="","*",B7))) -> 2 | D7: =IF(A7="","",SUMIFS(Tracker!$H$6:$H$305,Tracker!$A$6:$A$305,A7,Tracker!$F$6:$F$305,IF(B7="","*",B7))) -> 0 | E7: =IF(A7="","",SUMIFS(Tracker!$I$6:$I$305,Tracker!$A$6:$A$305,A7,Tracker!$F$6:$F$305,IF(B7="","*",B7))) -> 1505 | F7: =IF(OR(A7="",J7=0),"",SUMIFS(Tracker!$AA$6:$AA$305,Tracker!$A$6:$A$305,A7,Tracker!$F$6:$F$305,IF(B7="","*",B7))) -> 0 | G7: =IF(OR(A7="",J7=0),"",SUMIFS(Tracker!$AB$6:$AB$305,Tracker!$A$6:$A$305,A7,Tracker!$F$6:$F$305,IF(B7="","*",B7))) -> 0 | H7: =IF(OR(F7="",D7="",D7=0),"",F7/D7-1) | I7: =IF(OR(G7="",E7="",E7=0),"",G7/E7-1) -> -1 | J7: =IF(A7="","",COUNTIFS(Tracker!$A$6:$A$305,A7,Tracker!$F$6:$F$305,IF(B7="","*",B7),Tracker!$AA$6:$AA$305,"<>")) -> 2 | K7: =IF(A7="","",IF(OR(J7=0,J7<C7),"Pending",IF(D7=0,IF(F7>0,"Win","Neutral"),IF(F7>=D7*(1+'How to use'!$C$15),"Win",IF(F7<=D7*(1+'How to use'!$C$16),"Loss","Neutral"))))) -> Neutral
A8: CMMS merge | B8: cmms software | C8: =IF(A8="","",COUNTIFS(Tracker!$A$6:$A$305,A8,Tracker!$F$6:$F$305,IF(B8="","*",B8))) -> 1 | D8: =IF(A8="","",SUMIFS(Tracker!$H$6:$H$305,Tracker!$A$6:$A$305,A8,Tracker!$F$6:$F$305,IF(B8="","*",B8))) -> 25 | E8: =IF(A8="","",SUMIFS(Tracker!$I$6:$I$305,Tracker!$A$6:$A$305,A8,Tracker!$F$6:$F$305,IF(B8="","*",B8))) -> 8261 | F8: =IF(OR(A8="",J8=0),"",SUMIFS(Tracker!$AA$6:$AA$305,Tracker!$A$6:$A$305,A8,Tracker!$F$6:$F$305,IF(B8="","*",B8))) -> 0 | G8: =IF(OR(A8="",J8=0),"",SUMIFS(Tracker!$AB$6:$AB$305,Tracker!$A$6:$A$305,A8,Tracker!$F$6:$F$305,IF(B8="","*",B8))) -> 0 | H8: =IF(OR(F8="",D8="",D8=0),"",F8/D8-1) -> -1 | I8: =IF(OR(G8="",E8="",E8=0),"",G8/E8-1) -> -1 | J8: =IF(A8="","",COUNTIFS(Tracker!$A$6:$A$305,A8,Tracker!$F$6:$F$305,IF(B8="","*",B8),Tracker!$AA$6:$AA$305,"<>")) -> 1 | K8: =IF(A8="","",IF(OR(J8=0,J8<C8),"Pending",IF(D8=0,IF(F8>0,"Win","Neutral"),IF(F8>=D8*(1+'How to use'!$C$15),"Win",IF(F8<=D8*(1+'How to use'!$C$16),"Loss","Neutral"))))) -> Loss
C9: =IF(A9="","",COUNTIFS(Tracker!$A$6:$A$305,A9,Tracker!$F$6:$F$305,IF(B9="","*",B9))) | D9: =IF(A9="","",SUMIFS(Tracker!$H$6:$H$305,Tracker!$A$6:$A$305,A9,Tracker!$F$6:$F$305,IF(B9="","*",B9))) | E9: =IF(A9="","",SUMIFS(Tracker!$I$6:$I$305,Tracker!$A$6:$A$305,A9,Tracker!$F$6:$F$305,IF(B9="","*",B9))) | F9: =IF(OR(A9="",J9=0),"",SUMIFS(Tracker!$AA$6:$AA$305,Tracker!$A$6:$A$305,A9,Tracker!$F$6:$F$305,IF(B9="","*",B9))) | G9: =IF(OR(A9="",J9=0),"",SUMIFS(Tracker!$AB$6:$AB$305,Tracker!$A$6:$A$305,A9,Tracker!$F$6:$F$305,IF(B9="","*",B9))) | H9: =IF(OR(F9="",D9="",D9=0),"",F9/D9-1) | I9: =IF(OR(G9="",E9="",E9=0),"",G9/E9-1) | J9: =IF(A9="","",COUNTIFS(Tracker!$A$6:$A$305,A9,Tracker!$F$6:$F$305,IF(B9="","*",B9),Tracker!$AA$6:$AA$305,"<>")) | K9: =IF(A9="","",IF(OR(J9=0,J9<C9),"Pending",IF(D9=0,IF(F9>0,"Win","Neutral"),IF(F9>=D9*(1+'How to use'!$C$15),"Win",IF(F9<=D9*(1+'How to use'!$C$16),"Loss","Neutral")))))
C10: =IF(A10="","",COUNTIFS(Tracker!$A$6:$A$305,A10,Tracker!$F$6:$F$305,IF(B10="","*",B10))) | D10: =IF(A10="","",SUMIFS(Tracker!$H$6:$H$305,Tracker!$A$6:$A$305,A10,Tracker!$F$6:$F$305,IF(B10="","*",B10))) | E10: =IF(A10="","",SUMIFS(Tracker!$I$6:$I$305,Tracker!$A$6:$A$305,A10,Tracker!$F$6:$F$305,IF(B10="","*",B10))) | F10: =IF(OR(A10="",J10=0),"",SUMIFS(Tracker!$AA$6:$AA$305,Tracker!$A$6:$A$305,A10,Tracker!$F$6:$F$305,IF(B10="","*",B10))) | G10: =IF(OR(A10="",J10=0),"",SUMIFS(Tracker!$AB$6:$AB$305,Tracker!$A$6:$A$305,A10,Tracker!$F$6:$F$305,IF(B10="","*",B10))) | H10: =IF(OR(F10="",D10="",D10=0),"",F10/D10-1) | I10: =IF(OR(G10="",E10="",E10=0),"",G10/E10-1) | J10: =IF(A10="","",COUNTIFS(Tracker!$A$6:$A$305,A10,Tracker!$F$6:$F$305,IF(B10="","*",B10),Tracker!$AA$6:$AA$305,"<>")) | K10: =IF(A10="","",IF(OR(J10=0,J10<C10),"Pending",IF(D10=0,IF(F10>0,"Win","Neutral"),IF(F10>=D10*(1+'How to use'!$C$15),"Win",IF(F10<=D10*(1+'How to use'!$C$16),"Loss","Neutral")))))
C11: =IF(A11="","",COUNTIFS(Tracker!$A$6:$A$305,A11,Tracker!$F$6:$F$305,IF(B11="","*",B11))) | D11: =IF(A11="","",SUMIFS(Tracker!$H$6:$H$305,Tracker!$A$6:$A$305,A11,Tracker!$F$6:$F$305,IF(B11="","*",B11))) | E11: =IF(A11="","",SUMIFS(Tracker!$I$6:$I$305,Tracker!$A$6:$A$305,A11,Tracker!$F$6:$F$305,IF(B11="","*",B11))) | F11: =IF(OR(A11="",J11=0),"",SUMIFS(Tracker!$AA$6:$AA$305,Tracker!$A$6:$A$305,A11,Tracker!$F$6:$F$305,IF(B11="","*",B11))) | G11: =IF(OR(A11="",J11=0),"",SUMIFS(Tracker!$AB$6:$AB$305,Tracker!$A$6:$A$305,A11,Tracker!$F$6:$F$305,IF(B11="","*",B11))) | H11: =IF(OR(F11="",D11="",D11=0),"",F11/D11-1) | I11: =IF(OR(G11="",E11="",E11=0),"",G11/E11-1) | J11: =IF(A11="","",COUNTIFS(Tracker!$A$6:$A$305,A11,Tracker!$F$6:$F$305,IF(B11="","*",B11),Tracker!$AA$6:$AA$305,"<>")) | K11: =IF(A11="","",IF(OR(J11=0,J11<C11),"Pending",IF(D11=0,IF(F11>0,"Win","Neutral"),IF(F11>=D11*(1+'How to use'!$C$15),"Win",IF(F11<=D11*(1+'How to use'!$C$16),"Loss","Neutral")))))
C12: =IF(A12="","",COUNTIFS(Tracker!$A$6:$A$305,A12,Tracker!$F$6:$F$305,IF(B12="","*",B12))) | D12: =IF(A12="","",SUMIFS(Tracker!$H$6:$H$305,Tracker!$A$6:$A$305,A12,Tracker!$F$6:$F$305,IF(B12="","*",B12))) | E12: =IF(A12="","",SUMIFS(Tracker!$I$6:$I$305,Tracker!$A$6:$A$305,A12,Tracker!$F$6:$F$305,IF(B12="","*",B12))) | F12: =IF(OR(A12="",J12=0),"",SUMIFS(Tracker!$AA$6:$AA$305,Tracker!$A$6:$A$305,A12,Tracker!$F$6:$F$305,IF(B12="","*",B12))) | G12: =IF(OR(A12="",J12=0),"",SUMIFS(Tracker!$AB$6:$AB$305,Tracker!$A$6:$A$305,A12,Tracker!$F$6:$F$305,IF(B12="","*",B12))) | H12: =IF(OR(F12="",D12="",D12=0),"",F12/D12-1) | I12: =IF(OR(G12="",E12="",E12=0),"",G12/E12-1) | J12: =IF(A12="","",COUNTIFS(Tracker!$A$6:$A$305,A12,Tracker!$F$6:$F$305,IF(B12="","*",B12),Tracker!$AA$6:$AA$305,"<>")) | K12: =IF(A12="","",IF(OR(J12=0,J12<C12),"Pending",IF(D12=0,IF(F12>0,"Win","Neutral"),IF(F12>=D12*(1+'How to use'!$C$15),"Win",IF(F12<=D12*(1+'How to use'!$C$16),"Loss","Neutral")))))
C13: =IF(A13="","",COUNTIFS(Tracker!$A$6:$A$305,A13,Tracker!$F$6:$F$305,IF(B13="","*",B13))) | D13: =IF(A13="","",SUMIFS(Tracker!$H$6:$H$305,Tracker!$A$6:$A$305,A13,Tracker!$F$6:$F$305,IF(B13="","*",B13))) | E13: =IF(A13="","",SUMIFS(Tracker!$I$6:$I$305,Tracker!$A$6:$A$305,A13,Tracker!$F$6:$F$305,IF(B13="","*",B13))) | F13: =IF(OR(A13="",J13=0),"",SUMIFS(Tracker!$AA$6:$AA$305,Tracker!$A$6:$A$305,A13,Tracker!$F$6:$F$305,IF(B13="","*",B13))) | G13: =IF(OR(A13="",J13=0),"",SUMIFS(Tracker!$AB$6:$AB$305,Tracker!$A$6:$A$305,A13,Tracker!$F$6:$F$305,IF(B13="","*",B13))) | H13: =IF(OR(F13="",D13="",D13=0),"",F13/D13-1) | I13: =IF(OR(G13="",E13="",E13=0),"",G13/E13-1) | J13: =IF(A13="","",COUNTIFS(Tracker!$A$6:$A$305,A13,Tracker!$F$6:$F$305,IF(B13="","*",B13),Tracker!$AA$6:$AA$305,"<>")) | K13: =IF(A13="","",IF(OR(J13=0,J13<C13),"Pending",IF(D13=0,IF(F13>0,"Win","Neutral"),IF(F13>=D13*(1+'How to use'!$C$15),"Win",IF(F13<=D13*(1+'How to use'!$C$16),"Loss","Neutral")))))
C14: =IF(A14="","",COUNTIFS(Tracker!$A$6:$A$305,A14,Tracker!$F$6:$F$305,IF(B14="","*",B14))) | D14: =IF(A14="","",SUMIFS(Tracker!$H$6:$H$305,Tracker!$A$6:$A$305,A14,Tracker!$F$6:$F$305,IF(B14="","*",B14))) | E14: =IF(A14="","",SUMIFS(Tracker!$I$6:$I$305,Tracker!$A$6:$A$305,A14,Tracker!$F$6:$F$305,IF(B14="","*",B14))) | F14: =IF(OR(A14="",J14=0),"",SUMIFS(Tracker!$AA$6:$AA$305,Tracker!$A$6:$A$305,A14,Tracker!$F$6:$F$305,IF(B14="","*",B14))) | G14: =IF(OR(A14="",J14=0),"",SUMIFS(Tracker!$AB$6:$AB$305,Tracker!$A$6:$A$305,A14,Tracker!$F$6:$F$305,IF(B14="","*",B14))) | H14: =IF(OR(F14="",D14="",D14=0),"",F14/D14-1) | I14: =IF(OR(G14="",E14="",E14=0),"",G14/E14-1) | J14: =IF(A14="","",COUNTIFS(Tracker!$A$6:$A$305,A14,Tracker!$F$6:$F$305,IF(B14="","*",B14),Tracker!$AA$6:$AA$305,"<>")) | K14: =IF(A14="","",IF(OR(J14=0,J14<C14),"Pending",IF(D14=0,IF(F14>0,"Win","Neutral"),IF(F14>=D14*(1+'How to use'!$C$15),"Win",IF(F14<=D14*(1+'How to use'!$C$16),"Loss","Neutral")))))
C15: =IF(A15="","",COUNTIFS(Tracker!$A$6:$A$305,A15,Tracker!$F$6:$F$305,IF(B15="","*",B15))) | D15: =IF(A15="","",SUMIFS(Tracker!$H$6:$H$305,Tracker!$A$6:$A$305,A15,Tracker!$F$6:$F$305,IF(B15="","*",B15))) | E15: =IF(A15="","",SUMIFS(Tracker!$I$6:$I$305,Tracker!$A$6:$A$305,A15,Tracker!$F$6:$F$305,IF(B15="","*",B15))) | F15: =IF(OR(A15="",J15=0),"",SUMIFS(Tracker!$AA$6:$AA$305,Tracker!$A$6:$A$305,A15,Tracker!$F$6:$F$305,IF(B15="","*",B15))) | G15: =IF(OR(A15="",J15=0),"",SUMIFS(Tracker!$AB$6:$AB$305,Tracker!$A$6:$A$305,A15,Tracker!$F$6:$F$305,IF(B15="","*",B15))) | H15: =IF(OR(F15="",D15="",D15=0),"",F15/D15-1) | I15: =IF(OR(G15="",E15="",E15=0),"",G15/E15-1) | J15: =IF(A15="","",COUNTIFS(Tracker!$A$6:$A$305,A15,Tracker!$F$6:$F$305,IF(B15="","*",B15),Tracker!$AA$6:$AA$305,"<>")) | K15: =IF(A15="","",IF(OR(J15=0,J15<C15),"Pending",IF(D15=0,IF(F15>0,"Win","Neutral"),IF(F15>=D15*(1+'How to use'!$C$15),"Win",IF(F15<=D15*(1+'How to use'!$C$16),"Loss","Neutral")))))
C16: =IF(A16="","",COUNTIFS(Tracker!$A$6:$A$305,A16,Tracker!$F$6:$F$305,IF(B16="","*",B16))) | D16: =IF(A16="","",SUMIFS(Tracker!$H$6:$H$305,Tracker!$A$6:$A$305,A16,Tracker!$F$6:$F$305,IF(B16="","*",B16))) | E16: =IF(A16="","",SUMIFS(Tracker!$I$6:$I$305,Tracker!$A$6:$A$305,A16,Tracker!$F$6:$F$305,IF(B16="","*",B16))) | F16: =IF(OR(A16="",J16=0),"",SUMIFS(Tracker!$AA$6:$AA$305,Tracker!$A$6:$A$305,A16,Tracker!$F$6:$F$305,IF(B16="","*",B16))) | G16: =IF(OR(A16="",J16=0),"",SUMIFS(Tracker!$AB$6:$AB$305,Tracker!$A$6:$A$305,A16,Tracker!$F$6:$F$305,IF(B16="","*",B16))) | H16: =IF(OR(F16="",D16="",D16=0),"",F16/D16-1) | I16: =IF(OR(G16="",E16="",E16=0),"",G16/E16-1) | J16: =IF(A16="","",COUNTIFS(Tracker!$A$6:$A$305,A16,Tracker!$F$6:$F$305,IF(B16="","*",B16),Tracker!$AA$6:$AA$305,"<>")) | K16: =IF(A16="","",IF(OR(J16=0,J16<C16),"Pending",IF(D16=0,IF(F16>0,"Win","Neutral"),IF(F16>=D16*(1+'How to use'!$C$15),"Win",IF(F16<=D16*(1+'How to use'!$C$16),"Loss","Neutral")))))
C17: =IF(A17="","",COUNTIFS(Tracker!$A$6:$A$305,A17,Tracker!$F$6:$F$305,IF(B17="","*",B17))) | D17: =IF(A17="","",SUMIFS(Tracker!$H$6:$H$305,Tracker!$A$6:$A$305,A17,Tracker!$F$6:$F$305,IF(B17="","*",B17))) | E17: =IF(A17="","",SUMIFS(Tracker!$I$6:$I$305,Tracker!$A$6:$A$305,A17,Tracker!$F$6:$F$305,IF(B17="","*",B17))) | F17: =IF(OR(A17="",J17=0),"",SUMIFS(Tracker!$AA$6:$AA$305,Tracker!$A$6:$A$305,A17,Tracker!$F$6:$F$305,IF(B17="","*",B17))) | G17: =IF(OR(A17="",J17=0),"",SUMIFS(Tracker!$AB$6:$AB$305,Tracker!$A$6:$A$305,A17,Tracker!$F$6:$F$305,IF(B17="","*",B17))) | H17: =IF(OR(F17="",D17="",D17=0),"",F17/D17-1) | I17: =IF(OR(G17="",E17="",E17=0),"",G17/E17-1) | J17: =IF(A17="","",COUNTIFS(Tracker!$A$6:$A$305,A17,Tracker!$F$6:$F$305,IF(B17="","*",B17),Tracker!$AA$6:$AA$305,"<>")) | K17: =IF(A17="","",IF(OR(J17=0,J17<C17),"Pending",IF(D17=0,IF(F17>0,"Win","Neutral"),IF(F17>=D17*(1+'How to use'!$C$15),"Win",IF(F17<=D17*(1+'How to use'!$C$16),"Loss","Neutral")))))
C18: =IF(A18="","",COUNTIFS(Tracker!$A$6:$A$305,A18,Tracker!$F$6:$F$305,IF(B18="","*",B18))) | D18: =IF(A18="","",SUMIFS(Tracker!$H$6:$H$305,Tracker!$A$6:$A$305,A18,Tracker!$F$6:$F$305,IF(B18="","*",B18))) | E18: =IF(A18="","",SUMIFS(Tracker!$I$6:$I$305,Tracker!$A$6:$A$305,A18,Tracker!$F$6:$F$305,IF(B18="","*",B18))) | F18: =IF(OR(A18="",J18=0),"",SUMIFS(Tracker!$AA$6:$AA$305,Tracker!$A$6:$A$305,A18,Tracker!$F$6:$F$305,IF(B18="","*",B18))) | G18: =IF(OR(A18="",J18=0),"",SUMIFS(Tracker!$AB$6:$AB$305,Tracker!$A$6:$A$305,A18,Tracker!$F$6:$F$305,IF(B18="","*",B18))) | H18: =IF(OR(F18="",D18="",D18=0),"",F18/D18-1) | I18: =IF(OR(G18="",E18="",E18=0),"",G18/E18-1) | J18: =IF(A18="","",COUNTIFS(Tracker!$A$6:$A$305,A18,Tracker!$F$6:$F$305,IF(B18="","*",B18),Tracker!$AA$6:$AA$305,"<>")) | K18: =IF(A18="","",IF(OR(J18=0,J18<C18),"Pending",IF(D18=0,IF(F18>0,"Win","Neutral"),IF(F18>=D18*(1+'How to use'!$C$15),"Win",IF(F18<=D18*(1+'How to use'!$C$16),"Loss","Neutral")))))
C19: =IF(A19="","",COUNTIFS(Tracker!$A$6:$A$305,A19,Tracker!$F$6:$F$305,IF(B19="","*",B19))) | D19: =IF(A19="","",SUMIFS(Tracker!$H$6:$H$305,Tracker!$A$6:$A$305,A19,Tracker!$F$6:$F$305,IF(B19="","*",B19))) | E19: =IF(A19="","",SUMIFS(Tracker!$I$6:$I$305,Tracker!$A$6:$A$305,A19,Tracker!$F$6:$F$305,IF(B19="","*",B19))) | F19: =IF(OR(A19="",J19=0),"",SUMIFS(Tracker!$AA$6:$AA$305,Tracker!$A$6:$A$305,A19,Tracker!$F$6:$F$305,IF(B19="","*",B19))) | G19: =IF(OR(A19="",J19=0),"",SUMIFS(Tracker!$AB$6:$AB$305,Tracker!$A$6:$A$305,A19,Tracker!$F$6:$F$305,IF(B19="","*",B19))) | H19: =IF(OR(F19="",D19="",D19=0),"",F19/D19-1) | I19: =IF(OR(G19="",E19="",E19=0),"",G19/E19-1) | J19: =IF(A19="","",COUNTIFS(Tracker!$A$6:$A$305,A19,Tracker!$F$6:$F$305,IF(B19="","*",B19),Tracker!$AA$6:$AA$305,"<>")) | K19: =IF(A19="","",IF(OR(J19=0,J19<C19),"Pending",IF(D19=0,IF(F19>0,"Win","Neutral"),IF(F19>=D19*(1+'How to use'!$C$15),"Win",IF(F19<=D19*(1+'How to use'!$C$16),"Loss","Neutral")))))
C20: =IF(A20="","",COUNTIFS(Tracker!$A$6:$A$305,A20,Tracker!$F$6:$F$305,IF(B20="","*",B20))) | D20: =IF(A20="","",SUMIFS(Tracker!$H$6:$H$305,Tracker!$A$6:$A$305,A20,Tracker!$F$6:$F$305,IF(B20="","*",B20))) | E20: =IF(A20="","",SUMIFS(Tracker!$I$6:$I$305,Tracker!$A$6:$A$305,A20,Tracker!$F$6:$F$305,IF(B20="","*",B20))) | F20: =IF(OR(A20="",J20=0),"",SUMIFS(Tracker!$AA$6:$AA$305,Tracker!$A$6:$A$305,A20,Tracker!$F$6:$F$305,IF(B20="","*",B20))) | G20: =IF(OR(A20="",J20=0),"",SUMIFS(Tracker!$AB$6:$AB$305,Tracker!$A$6:$A$305,A20,Tracker!$F$6:$F$305,IF(B20="","*",B20))) | H20: =IF(OR(F20="",D20="",D20=0),"",F20/D20-1) | I20: =IF(OR(G20="",E20="",E20=0),"",G20/E20-1) | J20: =IF(A20="","",COUNTIFS(Tracker!$A$6:$A$305,A20,Tracker!$F$6:$F$305,IF(B20="","*",B20),Tracker!$AA$6:$AA$305,"<>")) | K20: =IF(A20="","",IF(OR(J20=0,J20<C20),"Pending",IF(D20=0,IF(F20>0,"Win","Neutral"),IF(F20>=D20*(1+'How to use'!$C$15),"Win",IF(F20<=D20*(1+'How to use'!$C$16),"Loss","Neutral")))))
... C54: =IF(A54="","",COUNTIFS(Tracker!$A$6:$A$305,A54,Tracker!$F$6:$F$305,IF(B54="","*",B54))) | D54: =IF(A54="","",SUMIFS(Tracker!$H$6:$H$305,Tracker!$A$6:$A$305,A54,Tracker!$F$6:$F$305,IF(B54="","*",B54))) | E54: =IF(A54="","",SUMIFS(Tracker!$I$6:$I$305,Tracker!$A$6:$A$305,A54,Tracker!$F$6:$F$305,IF(B54="","*",B54))) | F54: =IF(OR(A54="",J54=0),"",SUMIFS(Tracker!$AA$6:$AA$305,Tracker!$A$6:$A$305,A54,Tracker!$F$6:$F$305,IF(B54="","*",B54))) | G54: =IF(OR(A54="",J54=0),"",SUMIFS(Tracker!$AB$6:$AB$305,Tracker!$A$6:$A$305,A54,Tracker!$F$6:$F$305,IF(B54="","*",B54))) | H54: =IF(OR(F54="",D54="",D54=0),"",F54/D54-1) | I54: =IF(OR(G54="",E54="",E54=0),"",G54/E54-1) | J54: =IF(A54="","",COUNTIFS(Tracker!$A$6:$A$305,A54,Tracker!$F$6:$F$305,IF(B54="","*",B54),Tracker!$AA$6:$AA$305,"<>")) | K54: =IF(A54="","",IF(OR(J54=0,J54<C54),"Pending",IF(D54=0,IF(F54>0,"Win","Neutral"),IF(F54>=D54*(1+'How to use'!$C$15),"Win",IF(F54<=D54*(1+'How to use'!$C$16),"Loss","Neutral")))))
